{
  "envs": [
    {
      "key": "NEXT_PUBLIC_SUPABASE_URL",
      "value": "",
      "type": "plain",
      "target": ["production", "preview", "development"],
      "comment": "Your Supabase project URL (https://[project-ref].supabase.co)"
    },
    {
      "key": "NEXT_PUBLIC_SUPABASE_ANON_KEY", 
      "value": "",
      "type": "plain",
      "target": ["production", "preview", "development"],
      "comment": "Your Supabase anon/public key (safe for client-side use)"
    },
    {
      "key": "SUPABASE_SERVICE_ROLE_KEY",
      "value": "",
      "type": "secret",
      "target": ["production", "preview", "development"],
      "comment": "Your Supabase service role key (server-side only, keep secret)"
    }
  ]
} 