{
  "buildCommand": "npm run build",
  "outputDirectory": ".next",
  "installCommand": "npm install --legacy-peer-deps",
  "framework": "nextjs",
  "functions": {
    "app/api/**/*.ts": {
      "maxDuration": 30
    }
  },
  "redirects": [
    {
      "source": "/admin",
      "destination": "/admin/pages",
      "permanent": false
    }
  ],
  "headers": [
    {
      "source": "/api/(.*)",
      "headers": [
        {
          "key": "Access-Control-Allow-Origin",
          "value": "*"
        },
        {
          "key": "Access-Control-Allow-Methods",
          "value": "GET, POST, PUT, DELETE, OPTIONS"
        },
        {
          "key": "Access-Control-Allow-Headers",
          "value": "Content-Type, Authorization"
        }
      ]
    }
  ],
  "crons": [
    {
      "path": "/api/generate-static",
      "schedule": "0 */6 * * *"
    }
  ]
} 